{
  "fallbackRatio": 0.6738008500303583,
  "successRate": 0.32978723404255317,
  "timestamp": "2026-04-11T14:23:47.055Z"
}